Account,Amt. Receivable,Amt. Payable
AKSHAR CREATION BHAVNAGER,0,499500
ASHAPURA APPARELS( RAJ LAXMI),0,650000
ASHAPURA TRADERS ( SURAT ),0,"900,000.00"
ASHOKBHAI SURAT,0,"99,900.00"
BHOLE GARMENTS( BHAVNAGAR ),0,"199,800.00"
DEEPAKBHAI BHAVNAGAR,0,"37,424,614.00"
DILIPBHAI ( SURAT ),0,"2,900,000.00"
DREAM GARMENTS,0,"95,000.00"
FOR YOU,0,"178,537.00"
GURUNANAK GARMENT'S,0,"850,500.00"
JAI BHAI SATISH,0.25,0.00
JAINAM APPRAELS (K -08),0,"40,000.00"
JOLLY BHAI ( SURAT ),0,"1,299,000.00"
KAILASH FASHION_,0,"98,500.00"
MAHADEV JIGNESHBHAI (BHAVNAGAR),0,"1,798,000.00"
MANIBHADHRA ENTERPRISE(SAFAL-04),0,"1,573,650.00"
NILKANTH APPRALS,0,"121,068.00"
RAHULBHAI (BHAVNAGAR),0,"4,265,270.00"
RAJA BHAI(SURAT),0,"3,198,353.00"
RAJESH READYMADE STORES PANCHKUVA,0,291.00
RAJU BHAI (KHOKHRA),0,"6,108,500.00"
S S GARMENTS(K-8),0,"565,444.00"
SAJANBHAI ( V I P ),0,"149,850.00"
SHREE BHAGWATI CREATION,0,"200,000.00"
SHREE JI ENTERPRISE,0,"50,000.00"
SHREE MAHADEV APPARELS,0,"742,000.00"
SHREE RAM APPARELS(SAFAL-6),0,"1,133,700.00"
SHREE VARUNDEV GARMENT ( BHAVNAGAR ),0,"896,800.00"
STAR FASION,0,0.75
SUKUN ENTERPRISE,0,"281,300.00"
TARUN ASHOK KUMAR(SURAT),"1,86,125.00","199,800.00"
VISHWA CREATION,0,"100,000.00"
WAHEGURU AGENCY,0,"1,871,600.00"
