Account,Pending Amt.,Due Amt.
AKSHAR CREATION BHAVNAGER,674887,674887
AMAR BHAI (SURAT),463128,463128
ASHAPURA APPARELS( RAJ LAXMI),1002327,1002327
ASHAPURA TRADERS ( SURAT ),6604823.25,6604823.25
ASHOKBHAI SURAT,"75,088.00","75,088.00"
BABU BHAI JAY BHAI,1621793,1621793
BAJRANG CREATION (RAJKOT),"67,975.00","67,975.00"
BHOLE GARMENTS( BHAVNAGAR ),713492,713492
D J CREATION,1784075,1784075
DEEPAKBHAI BHAVNAGAR,57865343,57865343
DEEPLAXMI GARMENTS,1098533,1098533
DIANA GARMENTS,123369,123369
DILIP ENTERPRISE ( JUNAGADH ),228202,228202
DILIPBHAI ( SURAT ),6894788,6894788
DREAM GARMENTS,229271,229271
FOR YOU,1095477,1095477
GURUKRUPA TRADERS,"76,069.50","76,069.50"
GURUNANAK GARMENT'S,5319557,5319557
HI LINE APPAREL,"73,700.00","73,700.00"
HIMANSHU BHAI(SAFAL-6),443461,443461
JAI AMBE TRADERS ( HARESHBHAI ),"8,364.00","8,364.00"
JAI BHAI SATISH,931382,931382
JAINAM APPRAELS (K -08),566055,566055
JOLLY BHAI ( SURAT ),1826789,1826789
K HONEY,1599123,1599123
K SANJAY,153929,153929
KAILASH FASHION_,106076,106076
KAPILBHAI ( RAJLAXMI),986770,986770
KISHOR BHAI,495618,495618
KOMAL CREATION(MOHAN),130305,130305
KRISHNA CREATION (AMRUTBHAI),171661,171661
LALA BHAI,482131,482131
MADHAV KRISHNA CREATION,421536,421536
MAHADEV JIGNESHBHAI (BHAVNAGAR),6700459,6700459
MANIBHADHRA ENTERPRISE(SAFAL-04),6306490,6306490
MANISH BHAI(DAHOD),123928,123928
MEERA SELECTION,185948,185948
MEN ZONE,425962,425962
MUKESH BHAI  PAROSIYA GARMENT,2758454,2758454
NATRAJ READYMADE,206027,206027
NILKANTH APPRALS,434969,434969
OM APPARELS(MATIX),219286,219286
OM CREATION (ANMOL),619847,619847
OM GARMENT'S,"9,146.00","9,146.00"
OMKAR JUNIORS,"2,654.00","2,654.00"
POOJA GARMENTS,685365,685365
PRADEEP BHAI -RICHA,2004067,2004067
R R FASHION WORLD,154530.5,154530.5
RAHULBHAI (BHAVNAGAR),7172109,7172109
RAJA BHAI(SURAT),9603818,9603818
RAJESH READYMADE STORES PANCHKUVA,865861,865861
RAJU BHAI (KHOKHRA),21232570,21232570
ROHIT ENTERPRISE,262301,262301
ROYAL TRADERS,660641,660641
S S GARMENTS(K-8),1108639,1108639
SAHILBHAI,110496,110496
SAJANBHAI ( V I P ),4528331,4528331
SHIV TRADERS ( SURAT ),3633906,3633906
SHIVAY ENTERPRISE(BHAVNAGAR),1632480,1632480
SHREE BHAGWATI CREATION,1004036,1004036
SHREE JI ENTERPRISE,200125,200125
SHREE MAHADEV APPARELS,6302584,6302584
SHREE RAM APPARELS(SAFAL-6),3121088,3121088
SHREE VARUNDEV GARMENT ( BHAVNAGAR ),1333744,1333744
SUKUN ENTERPRISE,587674,587674
SUNIL BHAI FENT,"77,239.00","77,239.00"
TAHIR BHAI-BARODA,2024515,2024515
TARUN ASHOK KUMAR(SURAT),193365,193365
VIJAY BHAI (JUNAGADH),"85,531.00","85,531.00"
VIJAY CORPORATION,767877,767877
VINAY TRADER'S,500308,500308
VISHWA CREATION,179504,179504
WAHEGURU AGENCY,1985544,1985544
